state_code,county_name
AK,ALEUTIANS EAST
AK,ALEUTIANS WEST
AK,ANCHORAGE
AK,BETHEL
AK,BRISTOL BAY
AK,DENALI
AK,DILLINGHAM
AK,FAIRBANKS NORTH STAR
AK,HAINES
AK,HOONAH-ANGOON
AK,JUNEAU
AK,KENAI PENINSULA
AK,KETCHIKAN GATEWAY
AK,KODIAK ISLAND
AK,LAKE AND PENINSULA
AK,MATANUSKA-SUSITNA
AK,NOME
AK,NORTH SLOPE
AK,NORTHWEST ARCTIC
AK,PETERSBURG
AK,PRINCE OF WALES-HYDER
AK,PRINCE OF WALES-OUTER KETCHIKAN
AK,SITKA
AK,SKAGWAY
AK,SKAGWAY-HOONAH-ANGOON
AK,SOUTHEAST FAIRBANKS
AK,VALDEZ-CORDOVA
AK,WADE HAMPTON
AK,WRANGELL
AK,WRANGELL-PETERSBURG
AK,YAKUTAT
AK,YUKON-KOYUKUK
AL,AUTAUGA
AL,BALDWIN
AL,BARBOUR
AL,BIBB
AL,BLOUNT
AL,BULLOCK
AL,BUTLER
AL,CALHOUN
AL,CHAMBERS
AL,CHEROKEE
AL,CHILTON
AL,CHOCTAW
AL,CLARKE
AL,CLAY
AL,CLEBURNE
AL,COFFEE
AL,COLBERT
AL,CONECUH
AL,COOSA
AL,COVINGTON
AL,CRENSHAW
AL,CULLMAN
AL,DALE
AL,DALLAS
AL,DEKALB
AL,ELMORE
AL,ESCAMBIA
AL,ETOWAH
AL,FAYETTE
AL,FRANKLIN
AL,GENEVA
AL,GREENE
AL,HALE
AL,HENRY
AL,HOUSTON
AL,JACKSON
AL,JEFFERSON
AL,LAMAR
AL,LAUDERDALE
AL,LAWRENCE
AL,LEE
AL,LIMESTONE
AL,LOWNDES
AL,MACON
AL,MADISON
AL,MARENGO
AL,MARION
AL,MARSHALL
AL,MOBILE
AL,MONROE
AL,MONTGOMERY
AL,MORGAN
AL,PERRY
AL,PICKENS
AL,PIKE
AL,RANDOLPH
AL,RUSSELL
AL,SHELBY
AL,ST. CLAIR
AL,SUMTER
AL,TALLADEGA
AL,TALLAPOOSA
AL,TUSCALOOSA
AL,WALKER
AL,WASHINGTON
AL,WILCOX
AL,WINSTON
AR,ARKANSAS
AR,ASHLEY
AR,BAXTER
AR,BENTON
AR,BOONE
AR,BRADLEY
AR,CALHOUN
AR,CARROLL
AR,CHICOT
AR,CLARK
AR,CLAY
AR,CLEBURNE
AR,CLEVELAND
AR,COLUMBIA
AR,CONWAY
AR,CRAIGHEAD
AR,CRAWFORD
AR,CRITTENDEN
AR,CROSS
AR,DALLAS
AR,DESHA
AR,DREW
AR,FAULKNER
AR,FRANKLIN
AR,FULTON
AR,GARLAND
AR,GRANT
AR,GREENE
AR,HEMPSTEAD
AR,HOT SPRING
AR,HOWARD
AR,INDEPENDENCE
AR,IZARD
AR,JACKSON
AR,JEFFERSON
AR,JOHNSON
AR,LAFAYETTE
AR,LAWRENCE
AR,LEE
AR,LINCOLN
AR,LITTLE RIVER
AR,LOGAN
AR,LONOKE
AR,MADISON
AR,MARION
AR,MILLER
AR,MISSISSIPPI
AR,MONROE
AR,MONTGOMERY
AR,NEVADA
AR,NEWTON
AR,OUACHITA
AR,PERRY
AR,PHILLIPS
AR,PIKE
AR,POINSETT
AR,POLK
AR,POPE
AR,PRAIRIE
AR,PULASKI
AR,RANDOLPH
AR,SALINE
AR,SCOTT
AR,SEARCY
AR,SEBASTIAN
AR,SEVIER
AR,SHARP
AR,ST. FRANCIS
AR,STONE
AR,UNION
AR,VAN BUREN
AR,WASHINGTON
AR,WHITE
AR,WOODRUFF
AR,YELL
AZ,APACHE
AZ,COCHISE
AZ,COCONINO
AZ,GILA
AZ,GRAHAM
AZ,GREENLEE
AZ,LA PAZ
AZ,MARICOPA
AZ,MOHAVE
AZ,NAVAJO
AZ,PIMA
AZ,PINAL
AZ,SANTA CRUZ
AZ,YAVAPAI
AZ,YUMA
CA,ALAMEDA
CA,ALPINE
CA,AMADOR
CA,BUTTE
CA,CALAVERAS
CA,COLUSA
CA,CONTRA COSTA
CA,DEL NORTE
CA,EL DORADO
CA,FRESNO
CA,GLENN
CA,HUMBOLDT
CA,IMPERIAL
CA,INYO
CA,KERN
CA,KINGS
CA,LAKE
CA,LASSEN
CA,LOS ANGELES
CA,MADERA
CA,MARIN
CA,MARIPOSA
CA,MENDOCINO
CA,MERCED
CA,MODOC
CA,MONO
CA,MONTEREY
CA,NAPA
CA,NEVADA
CA,ORANGE
CA,PLACER
CA,PLUMAS
CA,RIVERSIDE
CA,SACRAMENTO
CA,SAN BENITO
CA,SAN BERNARDINO
CA,SAN DIEGO
CA,SAN FRANCISCO
CA,SAN JOAQUIN
CA,SAN LUIS OBISPO
CA,SAN MATEO
CA,SANTA BARBARA
CA,SANTA CLARA
CA,SANTA CRUZ
CA,SHASTA
CA,SIERRA
CA,SISKIYOU
CA,SOLANO
CA,SONOMA
CA,STANISLAUS
CA,SUTTER
CA,TEHAMA
CA,TRINITY
CA,TULARE
CA,TUOLUMNE
CA,VENTURA
CA,YOLO
CA,YUBA
CO,ADAMS
CO,ALAMOSA
CO,ARAPAHOE
CO,ARCHULETA
CO,BACA
CO,BENT
CO,BOULDER
CO,BROOMFIELD
CO,CHAFFEE
CO,CHEYENNE
CO,CLEAR CREEK
CO,CONEJOS
CO,COSTILLA
CO,CROWLEY
CO,CUSTER
CO,DELTA
CO,DENVER
CO,DOLORES
CO,DOUGLAS
CO,EAGLE
CO,EL PASO
CO,ELBERT
CO,FREMONT
CO,GARFIELD
CO,GILPIN
CO,GRAND
CO,GUNNISON
CO,HINSDALE
CO,HUERFANO
CO,JACKSON
CO,JEFFERSON
CO,KIOWA
CO,KIT CARSON
CO,LA PLATA
CO,LAKE
CO,LARIMER
CO,LAS ANIMAS
CO,LINCOLN
CO,LOGAN
CO,MESA
CO,MINERAL
CO,MOFFAT
CO,MONTEZUMA
CO,MONTROSE
CO,MORGAN
CO,OTERO
CO,OURAY
CO,PARK
CO,PHILLIPS
CO,PITKIN
CO,PROWERS
CO,PUEBLO
CO,RIO BLANCO
CO,RIO GRANDE
CO,ROUTT
CO,SAGUACHE
CO,SAN JUAN
CO,SAN MIGUEL
CO,SEDGWICK
CO,SUMMIT
CO,TELLER
CO,WASHINGTON
CO,WELD
CO,YUMA
CT,FAIRFIELD
CT,HARTFORD
CT,LITCHFIELD
CT,MIDDLESEX
CT,NEW HAVEN
CT,NEW LONDON
CT,TOLLAND
CT,WINDHAM
DC,DISTRICT OF COLUMBIA
DE,KENT
DE,NEW CASTLE
DE,SUSSEX
FL,ALACHUA
FL,BAKER
FL,BAY
FL,BRADFORD
FL,BREVARD
FL,BROWARD
FL,CALHOUN
FL,CHARLOTTE
FL,CITRUS
FL,CLAY
FL,COLLIER
FL,COLUMBIA
FL,DESOTO
FL,DIXIE
FL,DUVAL
FL,ESCAMBIA
FL,FLAGLER
FL,FRANKLIN
FL,GADSDEN
FL,GILCHRIST
FL,GLADES
FL,GULF
FL,HAMILTON
FL,HARDEE
FL,HENDRY
FL,HERNANDO
FL,HIGHLANDS
FL,HILLSBOROUGH
FL,HOLMES
FL,INDIAN RIVER
FL,JACKSON
FL,JEFFERSON
FL,LAFAYETTE
FL,LAKE
FL,LEE
FL,LEON
FL,LEVY
FL,LIBERTY
FL,MADISON
FL,MANATEE
FL,MARION
FL,MARTIN
FL,MIAMI-DADE
FL,MONROE
FL,NASSAU
FL,OKALOOSA
FL,OKEECHOBEE
FL,ORANGE
FL,OSCEOLA
FL,PALM BEACH
FL,PASCO
FL,PINELLAS
FL,POLK
FL,PUTNAM
FL,SANTA ROSA
FL,SARASOTA
FL,SEMINOLE
FL,ST. JOHNS
FL,ST. LUCIE
FL,SUMTER
FL,SUWANNEE
FL,TAYLOR
FL,UNION
FL,VOLUSIA
FL,WAKULLA
FL,WALTON
FL,WASHINGTON
GA,APPLING
GA,ATKINSON
GA,BACON
GA,BAKER
GA,BALDWIN
GA,BANKS
GA,BARROW
GA,BARTOW
GA,BEN HILL
GA,BERRIEN
GA,BIBB
GA,BLECKLEY
GA,BRANTLEY
GA,BROOKS
GA,BRYAN
GA,BULLOCH
GA,BURKE
GA,BUTTS
GA,CALHOUN
GA,CAMDEN
GA,CANDLER
GA,CARROLL
GA,CATOOSA
GA,CHARLTON
GA,CHATHAM
GA,CHATTAHOOCHEE
GA,CHATTOOGA
GA,CHEROKEE
GA,CLARKE
GA,CLAY
GA,CLAYTON
GA,CLINCH
GA,COBB
GA,COFFEE
GA,COLQUITT
GA,COLUMBIA
GA,COOK
GA,COWETA
GA,CRAWFORD
GA,CRISP
GA,DADE
GA,DAWSON
GA,DECATUR
GA,DEKALB
GA,DODGE
GA,DOOLY
GA,DOUGHERTY
GA,DOUGLAS
GA,EARLY
GA,ECHOLS
GA,EFFINGHAM
GA,ELBERT
GA,EMANUEL
GA,EVANS
GA,FANNIN
GA,FAYETTE
GA,FLOYD
GA,FORSYTH
GA,FRANKLIN
GA,FULTON
GA,GILMER
GA,GLASCOCK
GA,GLYNN
GA,GORDON
GA,GRADY
GA,GREENE
GA,GWINNETT
GA,HABERSHAM
GA,HALL
GA,HANCOCK
GA,HARALSON
GA,HARRIS
GA,HART
GA,HEARD
GA,HENRY
GA,HOUSTON
GA,IRWIN
GA,JACKSON
GA,JASPER
GA,JEFF DAVIS
GA,JEFFERSON
GA,JENKINS
GA,JOHNSON
GA,JONES
GA,LAMAR
GA,LANIER
GA,LAURENS
GA,LEE
GA,LIBERTY
GA,LINCOLN
GA,LONG
GA,LOWNDES
GA,LUMPKIN
GA,MACON
GA,MADISON
GA,MARION
GA,MCDUFFIE
GA,MCINTOSH
GA,MERIWETHER
GA,MILLER
GA,MITCHELL
GA,MONROE
GA,MONTGOMERY
GA,MORGAN
GA,MURRAY
GA,MUSCOGEE
GA,NEWTON
GA,OCONEE
GA,OGLETHORPE
GA,PAULDING
GA,PEACH
GA,PICKENS
GA,PIERCE
GA,PIKE
GA,POLK
GA,PULASKI
GA,PUTNAM
GA,QUITMAN
GA,RABUN
GA,RANDOLPH
GA,RICHMOND
GA,ROCKDALE
GA,SCHLEY
GA,SCREVEN
GA,SEMINOLE
GA,SPALDING
GA,STEPHENS
GA,STEWART
GA,SUMTER
GA,TALBOT
GA,TALIAFERRO
GA,TATTNALL
GA,TAYLOR
GA,TELFAIR
GA,TERRELL
GA,THOMAS
GA,TIFT
GA,TOOMBS
GA,TOWNS
GA,TREUTLEN
GA,TROUP
GA,TURNER
GA,TWIGGS
GA,UNION
GA,UPSON
GA,WALKER
GA,WALTON
GA,WARE
GA,WARREN
GA,WASHINGTON
GA,WAYNE
GA,WEBSTER
GA,WHEELER
GA,WHITE
GA,WHITFIELD
GA,WILCOX
GA,WILKES
GA,WILKINSON
GA,WORTH
HI,HAWAII
HI,HONOLULU
HI,KAUAI
HI,MAUI
IA,ADAIR
IA,ADAMS
IA,ALLAMAKEE
IA,APPANOOSE
IA,AUDUBON
IA,BENTON
IA,BLACK HAWK
IA,BOONE
IA,BREMER
IA,BUCHANAN
IA,BUENA VISTA
IA,BUTLER
IA,CALHOUN
IA,CARROLL
IA,CASS
IA,CEDAR
IA,CERRO GORDO
IA,CHEROKEE
IA,CHICKASAW
IA,CLARKE
IA,CLAY
IA,CLAYTON
IA,CLINTON
IA,CRAWFORD
IA,DALLAS
IA,DAVIS
IA,DECATUR
IA,DELAWARE
IA,DES MOINES
IA,DICKINSON
IA,DUBUQUE
IA,EMMET
IA,FAYETTE
IA,FLOYD
IA,FRANKLIN
IA,FREMONT
IA,GREENE
IA,GRUNDY
IA,GUTHRIE
IA,HAMILTON
IA,HANCOCK
IA,HARDIN
IA,HARRISON
IA,HENRY
IA,HOWARD
IA,HUMBOLDT
IA,IDA
IA,IOWA
IA,JACKSON
IA,JASPER
IA,JEFFERSON
IA,JOHNSON
IA,JONES
IA,KEOKUK
IA,KOSSUTH
IA,LEE
IA,LINN
IA,LOUISA
IA,LUCAS
IA,LYON
IA,MADISON
IA,MAHASKA
IA,MARION
IA,MARSHALL
IA,MILLS
IA,MITCHELL
IA,MONONA
IA,MONROE
IA,MONTGOMERY
IA,MUSCATINE
IA,O'BRIEN
IA,OSCEOLA
IA,PAGE
IA,PALO ALTO
IA,PLYMOUTH
IA,POCAHONTAS
IA,POLK
IA,POTTAWATTAMIE
IA,POWESHIEK
IA,RINGGOLD
IA,SAC
IA,SCOTT
IA,SHELBY
IA,SIOUX
IA,STORY
IA,TAMA
IA,TAYLOR
IA,UNION
IA,VAN BUREN
IA,WAPELLO
IA,WARREN
IA,WASHINGTON
IA,WAYNE
IA,WEBSTER
IA,WINNEBAGO
IA,WINNESHIEK
IA,WOODBURY
IA,WORTH
IA,WRIGHT
ID,ADA
ID,ADAMS
ID,BANNOCK
ID,BEAR LAKE
ID,BENEWAH
ID,BINGHAM
ID,BLAINE
ID,BOISE
ID,BONNER
ID,BONNEVILLE
ID,BOUNDARY
ID,BUTTE
ID,CAMAS
ID,CANYON
ID,CARIBOU
ID,CASSIA
ID,CLARK
ID,CLEARWATER
ID,CUSTER
ID,ELMORE
ID,FRANKLIN
ID,FREMONT
ID,GEM
ID,GOODING
ID,IDAHO
ID,JEFFERSON
ID,JEROME
ID,KOOTENAI
ID,LATAH
ID,LEMHI
ID,LEWIS
ID,LINCOLN
ID,MADISON
ID,MINIDOKA
ID,NEZ PERCE
ID,ONEIDA
ID,OWYHEE
ID,PAYETTE
ID,POWER
ID,SHOSHONE
ID,TETON
ID,TWIN FALLS
ID,VALLEY
ID,WASHINGTON
IL,ADAMS
IL,ALEXANDER
IL,BOND
IL,BOONE
IL,BROWN
IL,BUREAU
IL,CALHOUN
IL,CARROLL
IL,CASS
IL,CHAMPAIGN
IL,CHRISTIAN
IL,CLARK
IL,CLAY
IL,CLINTON
IL,COLES
IL,COOK
IL,CRAWFORD
IL,CUMBERLAND
IL,DE WITT
IL,DEKALB
IL,DOUGLAS
IL,DUPAGE
IL,EDGAR
IL,EDWARDS
IL,EFFINGHAM
IL,FAYETTE
IL,FORD
IL,FRANKLIN
IL,FULTON
IL,GALLATIN
IL,GREENE
IL,GRUNDY
IL,HAMILTON
IL,HANCOCK
IL,HARDIN
IL,HENDERSON
IL,HENRY
IL,IROQUOIS
IL,JACKSON
IL,JASPER
IL,JEFFERSON
IL,JERSEY
IL,JO DAVIESS
IL,JOHNSON
IL,KANE
IL,KANKAKEE
IL,KENDALL
IL,KNOX
IL,LAKE
IL,LASALLE
IL,LAWRENCE
IL,LEE
IL,LIVINGSTON
IL,LOGAN
IL,MACON
IL,MACOUPIN
IL,MADISON
IL,MARION
IL,MARSHALL
IL,MASON
IL,MASSAC
IL,MCDONOUGH
IL,MCHENRY
IL,MCLEAN
IL,MENARD
IL,MERCER
IL,MONROE
IL,MONTGOMERY
IL,MORGAN
IL,MOULTRIE
IL,OGLE
IL,PEORIA
IL,PERRY
IL,PIATT
IL,PIKE
IL,POPE
IL,PULASKI
IL,PUTNAM
IL,RANDOLPH
IL,RICHLAND
IL,ROCK ISLAND
IL,SALINE
IL,SANGAMON
IL,SCHUYLER
IL,SCOTT
IL,SHELBY
IL,ST. CLAIR
IL,STARK
IL,STEPHENSON
IL,TAZEWELL
IL,UNION
IL,VERMILION
IL,WABASH
IL,WARREN
IL,WASHINGTON
IL,WAYNE
IL,WHITE
IL,WHITESIDE
IL,WILL
IL,WILLIAMSON
IL,WINNEBAGO
IL,WOODFORD
IN,ADAMS
IN,ALLEN
IN,BARTHOLOMEW
IN,BENTON
IN,BLACKFORD
IN,BOONE
IN,BROWN
IN,CARROLL
IN,CASS
IN,CLARK
IN,CLAY
IN,CLINTON
IN,CRAWFORD
IN,DAVIESS
IN,DEARBORN
IN,DECATUR
IN,DEKALB
IN,DELAWARE
IN,DUBOIS
IN,ELKHART
IN,FAYETTE
IN,FLOYD
IN,FOUNTAIN
IN,FRANKLIN
IN,FULTON
IN,GIBSON
IN,GRANT
IN,GREENE
IN,HAMILTON
IN,HANCOCK
IN,HARRISON
IN,HENDRICKS
IN,HENRY
IN,HOWARD
IN,HUNTINGTON
IN,JACKSON
IN,JASPER
IN,JAY
IN,JEFFERSON
IN,JENNINGS
IN,JOHNSON
IN,KNOX
IN,KOSCIUSKO
IN,LAGRANGE
IN,LAKE
IN,LAPORTE
IN,LAWRENCE
IN,MADISON
IN,MARION
IN,MARSHALL
IN,MARTIN
IN,MIAMI
IN,MONROE
IN,MONTGOMERY
IN,MORGAN
IN,NEWTON
IN,NOBLE
IN,OHIO
IN,ORANGE
IN,OWEN
IN,PARKE
IN,PERRY
IN,PIKE
IN,PORTER
IN,POSEY
IN,PULASKI
IN,PUTNAM
IN,RANDOLPH
IN,RIPLEY
IN,RUSH
IN,SCOTT
IN,SHELBY
IN,SPENCER
IN,ST. JOSEPH
IN,STARKE
IN,STEUBEN
IN,SULLIVAN
IN,SWITZERLAND
IN,TIPPECANOE
IN,TIPTON
IN,UNION
IN,VANDERBURGH
IN,VERMILLION
IN,VIGO
IN,WABASH
IN,WARREN
IN,WARRICK
IN,WASHINGTON
IN,WAYNE
IN,WELLS
IN,WHITE
IN,WHITLEY
KS,ALLEN
KS,ANDERSON
KS,ATCHISON
KS,BARBER
KS,BARTON
KS,BOURBON
KS,BROWN
KS,BUTLER
KS,CHASE
KS,CHAUTAUQUA
KS,CHEROKEE
KS,CHEYENNE
KS,CLARK
KS,CLAY
KS,CLOUD
KS,COFFEY
KS,COMANCHE
KS,COWLEY
KS,CRAWFORD
KS,DECATUR
KS,DICKINSON
KS,DONIPHAN
KS,DOUGLAS
KS,EDWARDS
KS,ELK
KS,ELLIS
KS,ELLSWORTH
KS,FINNEY
KS,FORD
KS,FRANKLIN
KS,GEARY
KS,GOVE
KS,GRAHAM
KS,GRANT
KS,GRAY
KS,GREELEY
KS,GREENWOOD
KS,HAMILTON
KS,HARPER
KS,HARVEY
KS,HASKELL
KS,HODGEMAN
KS,JACKSON
KS,JEFFERSON
KS,JEWELL
KS,JOHNSON
KS,KEARNY
KS,KINGMAN
KS,KIOWA
KS,LABETTE
KS,LANE
KS,LEAVENWORTH
KS,LINCOLN
KS,LINN
KS,LOGAN
KS,LYON
KS,MARION
KS,MARSHALL
KS,MCPHERSON
KS,MEADE
KS,MIAMI
KS,MITCHELL
KS,MONTGOMERY
KS,MORRIS
KS,MORTON
KS,NEMAHA
KS,NEOSHO
KS,NESS
KS,NORTON
KS,OSAGE
KS,OSBORNE
KS,OTTAWA
KS,PAWNEE
KS,PHILLIPS
KS,POTTAWATOMIE
KS,PRATT
KS,RAWLINS
KS,RENO
KS,REPUBLIC
KS,RICE
KS,RILEY
KS,ROOKS
KS,RUSH
KS,RUSSELL
KS,SALINE
KS,SCOTT
KS,SEDGWICK
KS,SEWARD
KS,SHAWNEE
KS,SHERIDAN
KS,SHERMAN
KS,SMITH
KS,STAFFORD
KS,STANTON
KS,STEVENS
KS,SUMNER
KS,THOMAS
KS,TREGO
KS,WABAUNSEE
KS,WALLACE
KS,WASHINGTON
KS,WICHITA
KS,WILSON
KS,WOODSON
KS,WYANDOTTE
KY,ADAIR
KY,ALLEN
KY,ANDERSON
KY,BALLARD
KY,BARREN
KY,BATH
KY,BELL
KY,BOONE
KY,BOURBON
KY,BOYD
KY,BOYLE
KY,BRACKEN
KY,BREATHITT
KY,BRECKINRIDGE
KY,BULLITT
KY,BUTLER
KY,CALDWELL
KY,CALLOWAY
KY,CAMPBELL
KY,CARLISLE
KY,CARROLL
KY,CARTER
KY,CASEY
KY,CHRISTIAN
KY,CLARK
KY,CLAY
KY,CLINTON
KY,CRITTENDEN
KY,CUMBERLAND
KY,DAVIESS
KY,EDMONSON
KY,ELLIOTT
KY,ESTILL
KY,FAYETTE
KY,FLEMING
KY,FLOYD
KY,FRANKLIN
KY,FULTON
KY,GALLATIN
KY,GARRARD
KY,GRANT
KY,GRAVES
KY,GRAYSON
KY,GREEN
KY,GREENUP
KY,HANCOCK
KY,HARDIN
KY,HARLAN
KY,HARRISON
KY,HART
KY,HENDERSON
KY,HENRY
KY,HICKMAN
KY,HOPKINS
KY,JACKSON
KY,JEFFERSON
KY,JESSAMINE
KY,JOHNSON
KY,KENTON
KY,KNOTT
KY,KNOX
KY,LARUE
KY,LAUREL
KY,LAWRENCE
KY,LEE
KY,LESLIE
KY,LETCHER
KY,LEWIS
KY,LINCOLN
KY,LIVINGSTON
KY,LOGAN
KY,LYON
KY,MADISON
KY,MAGOFFIN
KY,MARION
KY,MARSHALL
KY,MARTIN
KY,MASON
KY,MCCRACKEN
KY,MCCREARY
KY,MCLEAN
KY,MEADE
KY,MENIFEE
KY,MERCER
KY,METCALFE
KY,MONROE
KY,MONTGOMERY
KY,MORGAN
KY,MUHLENBERG
KY,NELSON
KY,NICHOLAS
KY,OHIO
KY,OLDHAM
KY,OWEN
KY,OWSLEY
KY,PENDLETON
KY,PERRY
KY,PIKE
KY,POWELL
KY,PULASKI
KY,ROBERTSON
KY,ROCKCASTLE
KY,ROWAN
KY,RUSSELL
KY,SCOTT
KY,SHELBY
KY,SIMPSON
KY,SPENCER
KY,TAYLOR
KY,TODD
KY,TRIGG
KY,TRIMBLE
KY,UNION
KY,WARREN
KY,WASHINGTON
KY,WAYNE
KY,WEBSTER
KY,WHITLEY
KY,WOLFE
KY,WOODFORD
LA,ACADIA
LA,ALLEN
LA,ASCENSION
LA,ASSUMPTION
LA,AVOYELLES
LA,BEAUREGARD
LA,BIENVILLE
LA,BOSSIER
LA,CADDO
LA,CALCASIEU
LA,CALDWELL
LA,CAMERON
LA,CATAHOULA
LA,CLAIBORNE
LA,CONCORDIA
LA,DE SOTO
LA,EAST BATON ROUGE
LA,EAST CARROLL
LA,EAST FELICIANA
LA,EVANGELINE
LA,FRANKLIN
LA,GRANT
LA,IBERIA
LA,IBERVILLE
LA,JACKSON
LA,JEFFERSON
LA,JEFFERSON DAVIS
LA,LA SALLE
LA,LAFAYETTE
LA,LAFOURCHE
LA,LINCOLN
LA,LIVINGSTON
LA,MADISON
LA,MOREHOUSE
LA,NATCHITOCHES
LA,ORLEANS
LA,OUACHITA
LA,PLAQUEMINES
LA,POINTE COUPEE
LA,RAPIDES
LA,RED RIVER
LA,RICHLAND
LA,SABINE
LA,ST BERNARD
LA,ST CHARLES
LA,ST HELENA
LA,ST JAMES
LA,ST JOHN THE BAPTIST
LA,ST LANDRY
LA,ST MARTIN
LA,ST MARY
LA,ST TAMMANY
LA,TANGIPAHOA
LA,TENSAS
LA,TERREBONNE
LA,UNION
LA,VERMILION
LA,VERNON
LA,WASHINGTON
LA,WEBSTER
LA,WEST BATON ROUGE
LA,WEST CARROLL
LA,WEST FELICIANA
LA,WINN
MA,BARNSTABLE
MA,BERKSHIRE
MA,BRISTOL
MA,DUKES
MA,ESSEX
MA,FRANKLIN
MA,HAMPDEN
MA,HAMPSHIRE
MA,MIDDLESEX
MA,NANTUCKET
MA,NORFOLK
MA,PLYMOUTH
MA,SUFFOLK
MA,WORCESTER
MD,ALLEGANY
MD,ANNE ARUNDEL
MD,BALTIMORE
MD,BALTIMORE CITY
MD,CALVERT
MD,CAROLINE
MD,CARROLL
MD,CECIL
MD,CHARLES
MD,DORCHESTER
MD,FREDERICK
MD,GARRETT
MD,HARFORD
MD,HOWARD
MD,KENT
MD,MONTGOMERY
MD,PRINCE GEORGE'S
MD,QUEEN ANNE'S
MD,SOMERSET
MD,ST. MARY'S
MD,TALBOT
MD,WASHINGTON
MD,WICOMICO
MD,WORCESTER
ME,ANDROSCOGGIN
ME,AROOSTOOK
ME,CUMBERLAND
ME,FRANKLIN
ME,HANCOCK
ME,KENNEBEC
ME,KNOX
ME,LINCOLN
ME,OXFORD
ME,PENOBSCOT
ME,PISCATAQUIS
ME,SAGADAHOC
ME,SOMERSET
ME,WALDO
ME,WASHINGTON
ME,YORK
MI,ALCONA
MI,ALGER
MI,ALLEGAN
MI,ALPENA
MI,ANTRIM
MI,ARENAC
MI,BARAGA
MI,BARRY
MI,BAY
MI,BENZIE
MI,BERRIEN
MI,BRANCH
MI,CALHOUN
MI,CASS
MI,CHARLEVOIX
MI,CHEBOYGAN
MI,CHIPPEWA
MI,CLARE
MI,CLINTON
MI,CRAWFORD
MI,DELTA
MI,DICKINSON
MI,EATON
MI,EMMET
MI,GENESEE
MI,GLADWIN
MI,GOGEBIC
MI,GRAND TRAVERSE
MI,GRATIOT
MI,HILLSDALE
MI,HOUGHTON
MI,HURON
MI,INGHAM
MI,IONIA
MI,IOSCO
MI,IRON
MI,ISABELLA
MI,JACKSON
MI,KALAMAZOO
MI,KALKASKA
MI,KENT
MI,KEWEENAW
MI,LAKE
MI,LAPEER
MI,LEELANAU
MI,LENAWEE
MI,LIVINGSTON
MI,LUCE
MI,MACKINAC
MI,MACOMB
MI,MANISTEE
MI,MARQUETTE
MI,MASON
MI,MECOSTA
MI,MENOMINEE
MI,MIDLAND
MI,MISSAUKEE
MI,MONROE
MI,MONTCALM
MI,MONTMORENCY
MI,MUSKEGON
MI,NEWAYGO
MI,OAKLAND
MI,OCEANA
MI,OGEMAW
MI,ONTONAGON
MI,OSCEOLA
MI,OSCODA
MI,OTSEGO
MI,OTTAWA
MI,PRESQUE ISLE
MI,ROSCOMMON
MI,SAGINAW
MI,SANILAC
MI,SCHOOLCRAFT
MI,SHIAWASSEE
MI,ST. CLAIR
MI,ST. JOSEPH
MI,TUSCOLA
MI,VAN BUREN
MI,WASHTENAW
MI,WAYNE
MI,WEXFORD
MN,AITKIN
MN,ANOKA
MN,BECKER
MN,BELTRAMI
MN,BENTON
MN,BIG STONE
MN,BLUE EARTH
MN,BROWN
MN,CARLTON
MN,CARVER
MN,CASS
MN,CHIPPEWA
MN,CHISAGO
MN,CLAY
MN,CLEARWATER
MN,COOK
MN,COTTONWOOD
MN,CROW WING
MN,DAKOTA
MN,DODGE
MN,DOUGLAS
MN,FARIBAULT
MN,FILLMORE
MN,FREEBORN
MN,GOODHUE
MN,GRANT
MN,HENNEPIN
MN,HOUSTON
MN,HUBBARD
MN,ISANTI
MN,ITASCA
MN,JACKSON
MN,KANABEC
MN,KANDIYOHI
MN,KITTSON
MN,KOOCHICHING
MN,LAC QUI PARLE
MN,LAKE
MN,LAKE OF THE WOODS
MN,LE SUEUR
MN,LINCOLN
MN,LYON
MN,MAHNOMEN
MN,MARSHALL
MN,MARTIN
MN,MCLEOD
MN,MEEKER
MN,MILLE LACS
MN,MORRISON
MN,MOWER
MN,MURRAY
MN,NICOLLET
MN,NOBLES
MN,NORMAN
MN,OLMSTED
MN,OTTER TAIL
MN,PENNINGTON
MN,PINE
MN,PIPESTONE
MN,POLK
MN,POPE
MN,RAMSEY
MN,RED LAKE
MN,REDWOOD
MN,RENVILLE
MN,RICE
MN,ROCK
MN,ROSEAU
MN,SCOTT
MN,SHERBURNE
MN,SIBLEY
MN,ST. LOUIS
MN,STEARNS
MN,STEELE
MN,STEVENS
MN,SWIFT
MN,TODD
MN,TRAVERSE
MN,WABASHA
MN,WADENA
MN,WASECA
MN,WASHINGTON
MN,WATONWAN
MN,WILKIN
MN,WINONA
MN,WRIGHT
MN,YELLOW MEDICINE
MO,ADAIR
MO,ANDREW
MO,ATCHISON
MO,AUDRAIN
MO,BARRY
MO,BARTON
MO,BATES
MO,BENTON
MO,BOLLINGER
MO,BOONE
MO,BUCHANAN
MO,BUTLER
MO,CALDWELL
MO,CALLAWAY
MO,CAMDEN
MO,CAPE GIRARDEAU
MO,CARROLL
MO,CARTER
MO,CASS
MO,CEDAR
MO,CHARITON
MO,CHRISTIAN
MO,CLARK
MO,CLAY
MO,CLINTON
MO,COLE
MO,COOPER
MO,CRAWFORD
MO,DADE
MO,DALLAS
MO,DAVIESS
MO,DEKALB
MO,DENT
MO,DOUGLAS
MO,DUNKLIN
MO,FRANKLIN
MO,GASCONADE
MO,GENTRY
MO,GREENE
MO,GRUNDY
MO,HARRISON
MO,HENRY
MO,HICKORY
MO,HOLT
MO,HOWARD
MO,HOWELL
MO,IRON
MO,JACKSON
MO,JASPER
MO,JEFFERSON
MO,JOHNSON
MO,KANSAS CITY
MO,KNOX
MO,LACLEDE
MO,LAFAYETTE
MO,LAWRENCE
MO,LEWIS
MO,LINCOLN
MO,LINN
MO,LIVINGSTON
MO,MACON
MO,MADISON
MO,MARIES
MO,MARION
MO,MCDONALD
MO,MERCER
MO,MILLER
MO,MISSISSIPPI
MO,MONITEAU
MO,MONROE
MO,MONTGOMERY
MO,MORGAN
MO,NEW MADRID
MO,NEWTON
MO,NODAWAY
MO,OREGON
MO,OSAGE
MO,OZARK
MO,PEMISCOT
MO,PERRY
MO,PETTIS
MO,PHELPS
MO,PIKE
MO,PLATTE
MO,POLK
MO,PULASKI
MO,PUTNAM
MO,RALLS
MO,RANDOLPH
MO,RAY
MO,REYNOLDS
MO,RIPLEY
MO,SALINE
MO,SCHUYLER
MO,SCOTLAND
MO,SCOTT
MO,SHANNON
MO,SHELBY
MO,ST. CHARLES
MO,ST. CLAIR
MO,ST. FRANCOIS
MO,ST. LOUIS
MO,ST. LOUIS CITY
MO,STE. GENEVIEVE
MO,STODDARD
MO,STONE
MO,SULLIVAN
MO,TANEY
MO,TEXAS
MO,VERNON
MO,WARREN
MO,WASHINGTON
MO,WAYNE
MO,WEBSTER
MO,WORTH
MO,WRIGHT
MS,ADAMS
MS,ALCORN
MS,AMITE
MS,ATTALA
MS,BENTON
MS,BOLIVAR
MS,CALHOUN
MS,CARROLL
MS,CHICKASAW
MS,CHOCTAW
MS,CLAIBORNE
MS,CLARKE
MS,CLAY
MS,COAHOMA
MS,COPIAH
MS,COVINGTON
MS,DESOTO
MS,FORREST
MS,FRANKLIN
MS,GEORGE
MS,GREENE
MS,GRENADA
MS,HANCOCK
MS,HARRISON
MS,HINDS
MS,HOLMES
MS,HUMPHREYS
MS,ISSAQUENA
MS,ITAWAMBA
MS,JACKSON
MS,JASPER
MS,JEFFERSON
MS,JEFFERSON DAVIS
MS,JONES
MS,KEMPER
MS,LAFAYETTE
MS,LAMAR
MS,LAUDERDALE
MS,LAWRENCE
MS,LEAKE
MS,LEE
MS,LEFLORE
MS,LINCOLN
MS,LOWNDES
MS,MADISON
MS,MARION
MS,MARSHALL
MS,MONROE
MS,MONTGOMERY
MS,NESHOBA
MS,NEWTON
MS,NOXUBEE
MS,OKTIBBEHA
MS,PANOLA
MS,PEARL RIVER
MS,PERRY
MS,PIKE
MS,PONTOTOC
MS,PRENTISS
MS,QUITMAN
MS,RANKIN
MS,SCOTT
MS,SHARKEY
MS,SIMPSON
MS,SMITH
MS,STONE
MS,SUNFLOWER
MS,TALLAHATCHIE
MS,TATE
MS,TIPPAH
MS,TISHOMINGO
MS,TUNICA
MS,UNION
MS,WALTHALL
MS,WARREN
MS,WASHINGTON
MS,WAYNE
MS,WEBSTER
MS,WILKINSON
MS,WINSTON
MS,YALOBUSHA
MS,YAZOO
MT,BEAVERHEAD
MT,BIG HORN
MT,BLAINE
MT,BROADWATER
MT,CARBON
MT,CARTER
MT,CASCADE
MT,CHOUTEAU
MT,CUSTER
MT,DANIELS
MT,DAWSON
MT,DEER LODGE
MT,FALLON
MT,FERGUS
MT,FLATHEAD
MT,GALLATIN
MT,GARFIELD
MT,GLACIER
MT,GOLDEN VALLEY
MT,GRANITE
MT,HILL
MT,JEFFERSON
MT,JUDITH BASIN
MT,LAKE
MT,LEWIS AND CLARK
MT,LIBERTY
MT,LINCOLN
MT,MADISON
MT,MCCONE
MT,MEAGHER
MT,MINERAL
MT,MISSOULA
MT,MUSSELSHELL
MT,PARK
MT,PETROLEUM
MT,PHILLIPS
MT,PONDERA
MT,POWDER RIVER
MT,POWELL
MT,PRAIRIE
MT,RAVALLI
MT,RICHLAND
MT,ROOSEVELT
MT,ROSEBUD
MT,SANDERS
MT,SHERIDAN
MT,SILVER BOW
MT,STILLWATER
MT,SWEET GRASS
MT,TETON
MT,TOOLE
MT,TREASURE
MT,VALLEY
MT,WHEATLAND
MT,WIBAUX
MT,YELLOWSTONE
NC,ALAMANCE
NC,ALEXANDER
NC,ALLEGHANY
NC,ANSON
NC,ASHE
NC,AVERY
NC,BEAUFORT
NC,BERTIE
NC,BLADEN
NC,BRUNSWICK
NC,BUNCOMBE
NC,BURKE
NC,CABARRUS
NC,CALDWELL
NC,CAMDEN
NC,CARTERET
NC,CASWELL
NC,CATAWBA
NC,CHATHAM
NC,CHEROKEE
NC,CHOWAN
NC,CLAY
NC,CLEVELAND
NC,COLUMBUS
NC,CRAVEN
NC,CUMBERLAND
NC,CURRITUCK
NC,DARE
NC,DAVIDSON
NC,DAVIE
NC,DUPLIN
NC,DURHAM
NC,EDGECOMBE
NC,FORSYTH
NC,FRANKLIN
NC,GASTON
NC,GATES
NC,GRAHAM
NC,GRANVILLE
NC,GREENE
NC,GUILFORD
NC,HALIFAX
NC,HARNETT
NC,HAYWOOD
NC,HENDERSON
NC,HERTFORD
NC,HOKE
NC,HYDE
NC,IREDELL
NC,JACKSON
NC,JOHNSTON
NC,JONES
NC,LEE
NC,LENOIR
NC,LINCOLN
NC,MACON
NC,MADISON
NC,MARTIN
NC,MCDOWELL
NC,MECKLENBURG
NC,MITCHELL
NC,MONTGOMERY
NC,MOORE
NC,NASH
NC,NEW HANOVER
NC,NORTHAMPTON
NC,ONSLOW
NC,ORANGE
NC,PAMLICO
NC,PASQUOTANK
NC,PENDER
NC,PERQUIMANS
NC,PERSON
NC,PITT
NC,POLK
NC,RANDOLPH
NC,RICHMOND
NC,ROBESON
NC,ROCKINGHAM
NC,ROWAN
NC,RUTHERFORD
NC,SAMPSON
NC,SCOTLAND
NC,STANLY
NC,STOKES
NC,SURRY
NC,SWAIN
NC,TRANSYLVANIA
NC,TYRRELL
NC,UNION
NC,VANCE
NC,WAKE
NC,WARREN
NC,WASHINGTON
NC,WATAUGA
NC,WAYNE
NC,WILKES
NC,WILSON
NC,YADKIN
NC,YANCEY
ND,ADAMS
ND,BARNES
ND,BENSON
ND,BILLINGS
ND,BOTTINEAU
ND,BOWMAN
ND,BURKE
ND,BURLEIGH
ND,CASS
ND,CAVALIER
ND,DICKEY
ND,DIVIDE
ND,DUNN
ND,EDDY
ND,EMMONS
ND,FOSTER
ND,GOLDEN VALLEY
ND,GRAND FORKS
ND,GRANT
ND,GRIGGS
ND,HETTINGER
ND,KIDDER
ND,LAMOURE
ND,LOGAN
ND,MCHENRY
ND,MCINTOSH
ND,MCKENZIE
ND,MCLEAN
ND,MERCER
ND,MORTON
ND,MOUNTRAIL
ND,NELSON
ND,OLIVER
ND,PEMBINA
ND,PIERCE
ND,RAMSEY
ND,RANSOM
ND,RENVILLE
ND,RICHLAND
ND,ROLETTE
ND,SARGENT
ND,SHERIDAN
ND,SIOUX
ND,SLOPE
ND,STARK
ND,STEELE
ND,STUTSMAN
ND,TOWNER
ND,TRAILL
ND,WALSH
ND,WARD
ND,WELLS
ND,WILLIAMS
NE,ADAMS
NE,ANTELOPE
NE,ARTHUR
NE,BANNER
NE,BLAINE
NE,BOONE
NE,BOX BUTTE
NE,BOYD
NE,BROWN
NE,BUFFALO
NE,BURT
NE,BUTLER
NE,CASS
NE,CEDAR
NE,CHASE
NE,CHERRY
NE,CHEYENNE
NE,CLAY
NE,COLFAX
NE,CUMING
NE,CUSTER
NE,DAKOTA
NE,DAWES
NE,DAWSON
NE,DEUEL
NE,DIXON
NE,DODGE
NE,DOUGLAS
NE,DUNDY
NE,FILLMORE
NE,FRANKLIN
NE,FRONTIER
NE,FURNAS
NE,GAGE
NE,GARDEN
NE,GARFIELD
NE,GOSPER
NE,GRANT
NE,GREELEY
NE,HALL
NE,HAMILTON
NE,HARLAN
NE,HAYES
NE,HITCHCOCK
NE,HOLT
NE,HOOKER
NE,HOWARD
NE,JEFFERSON
NE,JOHNSON
NE,KEARNEY
NE,KEITH
NE,KEYA PAHA
NE,KIMBALL
NE,KNOX
NE,LANCASTER
NE,LINCOLN
NE,LOGAN
NE,LOUP
NE,MADISON
NE,MCPHERSON
NE,MERRICK
NE,MORRILL
NE,NANCE
NE,NEMAHA
NE,NUCKOLLS
NE,OTOE
NE,PAWNEE
NE,PERKINS
NE,PHELPS
NE,PIERCE
NE,PLATTE
NE,POLK
NE,RED WILLOW
NE,RICHARDSON
NE,ROCK
NE,SALINE
NE,SARPY
NE,SAUNDERS
NE,SCOTTS BLUFF
NE,SEWARD
NE,SHERIDAN
NE,SHERMAN
NE,SIOUX
NE,STANTON
NE,THAYER
NE,THOMAS
NE,THURSTON
NE,VALLEY
NE,WASHINGTON
NE,WAYNE
NE,WEBSTER
NE,WHEELER
NE,YORK
NH,BELKNAP
NH,CARROLL
NH,CHESHIRE
NH,COOS
NH,GRAFTON
NH,HILLSBOROUGH
NH,MERRIMACK
NH,ROCKINGHAM
NH,STRAFFORD
NH,SULLIVAN
NJ,ATLANTIC
NJ,BERGEN
NJ,BURLINGTON
NJ,CAMDEN
NJ,CAPE MAY
NJ,CUMBERLAND
NJ,ESSEX
NJ,GLOUCESTER
NJ,HUDSON
NJ,HUNTERDON
NJ,MERCER
NJ,MIDDLESEX
NJ,MONMOUTH
NJ,MORRIS
NJ,OCEAN
NJ,PASSAIC
NJ,SALEM
NJ,SOMERSET
NJ,SUSSEX
NJ,UNION
NJ,WARREN
NM,BERNALILLO
NM,CATRON
NM,CHAVES
NM,CIBOLA
NM,COLFAX
NM,CURRY
NM,DE BACA
NM,DONA ANA
NM,EDDY
NM,GRANT
NM,GUADALUPE
NM,HARDING
NM,HIDALGO
NM,LEA
NM,LINCOLN
NM,LOS ALAMOS
NM,LUNA
NM,MCKINLEY
NM,MORA
NM,OTERO
NM,QUAY
NM,RIO ARRIBA
NM,ROOSEVELT
NM,SAN JUAN
NM,SAN MIGUEL
NM,SANDOVAL
NM,SANTA FE
NM,SIERRA
NM,SOCORRO
NM,TAOS
NM,TORRANCE
NM,UNION
NM,VALENCIA
NV,CARSON CITY
NV,CHURCHILL
NV,CLARK
NV,DOUGLAS
NV,ELKO
NV,ESMERALDA
NV,EUREKA
NV,HUMBOLDT
NV,LANDER
NV,LINCOLN
NV,LYON
NV,MINERAL
NV,NYE
NV,PERSHING
NV,STOREY
NV,WASHOE
NV,WHITE PINE
NY,ALBANY
NY,ALLEGANY
NY,BRONX
NY,BROOME
NY,CATTARAUGUS
NY,CAYUGA
NY,CHAUTAUQUA
NY,CHEMUNG
NY,CHENANGO
NY,CLINTON
NY,COLUMBIA
NY,CORTLAND
NY,DELAWARE
NY,DUTCHESS
NY,ERIE
NY,ESSEX
NY,FRANKLIN
NY,FULTON
NY,GENESEE
NY,GREENE
NY,HAMILTON
NY,HERKIMER
NY,JEFFERSON
NY,KINGS
NY,LEWIS
NY,LIVINGSTON
NY,MADISON
NY,MONROE
NY,MONTGOMERY
NY,NASSAU
NY,NEW YORK
NY,NIAGARA
NY,ONEIDA
NY,ONONDAGA
NY,ONTARIO
NY,ORANGE
NY,ORLEANS
NY,OSWEGO
NY,OTSEGO
NY,PUTNAM
NY,QUEENS
NY,RENSSELAER
NY,RICHMOND
NY,ROCKLAND
NY,SARATOGA
NY,SCHENECTADY
NY,SCHOHARIE
NY,SCHUYLER
NY,SENECA
NY,ST. LAWRENCE
NY,STEUBEN
NY,SUFFOLK
NY,SULLIVAN
NY,TIOGA
NY,TOMPKINS
NY,ULSTER
NY,WARREN
NY,WASHINGTON
NY,WAYNE
NY,WESTCHESTER
NY,WYOMING
NY,YATES
OH,ADAMS
OH,ALLEN
OH,ASHLAND
OH,ASHTABULA
OH,ATHENS
OH,AUGLAIZE
OH,BELMONT
OH,BROWN
OH,BUTLER
OH,CARROLL
OH,CHAMPAIGN
OH,CLARK
OH,CLERMONT
OH,CLINTON
OH,COLUMBIANA
OH,COSHOCTON
OH,CRAWFORD
OH,CUYAHOGA
OH,DARKE
OH,DEFIANCE
OH,DELAWARE
OH,ERIE
OH,FAIRFIELD
OH,FAYETTE
OH,FRANKLIN
OH,FULTON
OH,GALLIA
OH,GEAUGA
OH,GREENE
OH,GUERNSEY
OH,HAMILTON
OH,HANCOCK
OH,HARDIN
OH,HARRISON
OH,HENRY
OH,HIGHLAND
OH,HOCKING
OH,HOLMES
OH,HURON
OH,JACKSON
OH,JEFFERSON
OH,KNOX
OH,LAKE
OH,LAWRENCE
OH,LICKING
OH,LOGAN
OH,LORAIN
OH,LUCAS
OH,MADISON
OH,MAHONING
OH,MARION
OH,MEDINA
OH,MEIGS
OH,MERCER
OH,MIAMI
OH,MONROE
OH,MONTGOMERY
OH,MORGAN
OH,MORROW
OH,MUSKINGUM
OH,NOBLE
OH,OTTAWA
OH,PAULDING
OH,PERRY
OH,PICKAWAY
OH,PIKE
OH,PORTAGE
OH,PREBLE
OH,PUTNAM
OH,RICHLAND
OH,ROSS
OH,SANDUSKY
OH,SCIOTO
OH,SENECA
OH,SHELBY
OH,STARK
OH,SUMMIT
OH,TRUMBULL
OH,TUSCARAWAS
OH,UNION
OH,VAN WERT
OH,VINTON
OH,WARREN
OH,WASHINGTON
OH,WAYNE
OH,WILLIAMS
OH,WOOD
OH,WYANDOT
OK,ADAIR
OK,ALFALFA
OK,ATOKA
OK,BEAVER
OK,BECKHAM
OK,BLAINE
OK,BRYAN
OK,CADDO
OK,CANADIAN
OK,CARTER
OK,CHEROKEE
OK,CHOCTAW
OK,CIMARRON
OK,CLEVELAND
OK,COAL
OK,COMANCHE
OK,COTTON
OK,CRAIG
OK,CREEK
OK,CUSTER
OK,DELAWARE
OK,DEWEY
OK,ELLIS
OK,GARFIELD
OK,GARVIN
OK,GRADY
OK,GRANT
OK,GREER
OK,HARMON
OK,HARPER
OK,HASKELL
OK,HUGHES
OK,JACKSON
OK,JEFFERSON
OK,JOHNSTON
OK,KAY
OK,KINGFISHER
OK,KIOWA
OK,LATIMER
OK,LE FLORE
OK,LINCOLN
OK,LOGAN
OK,LOVE
OK,MAJOR
OK,MARSHALL
OK,MAYES
OK,MCCLAIN
OK,MCCURTAIN
OK,MCINTOSH
OK,MURRAY
OK,MUSKOGEE
OK,NOBLE
OK,NOWATA
OK,OKFUSKEE
OK,OKLAHOMA
OK,OKMULGEE
OK,OSAGE
OK,OTTAWA
OK,PAWNEE
OK,PAYNE
OK,PITTSBURG
OK,PONTOTOC
OK,POTTAWATOMIE
OK,PUSHMATAHA
OK,ROGER MILLS
OK,ROGERS
OK,SEMINOLE
OK,SEQUOYAH
OK,STEPHENS
OK,TEXAS
OK,TILLMAN
OK,TULSA
OK,WAGONER
OK,WASHINGTON
OK,WASHITA
OK,WOODS
OK,WOODWARD
OR,BAKER
OR,BENTON
OR,CLACKAMAS
OR,CLATSOP
OR,COLUMBIA
OR,COOS
OR,CROOK
OR,CURRY
OR,DESCHUTES
OR,DOUGLAS
OR,GILLIAM
OR,GRANT
OR,HARNEY
OR,HOOD RIVER
OR,JACKSON
OR,JEFFERSON
OR,JOSEPHINE
OR,KLAMATH
OR,LAKE
OR,LANE
OR,LINCOLN
OR,LINN
OR,MALHEUR
OR,MARION
OR,MORROW
OR,MULTNOMAH
OR,POLK
OR,SHERMAN
OR,TILLAMOOK
OR,UMATILLA
OR,UNION
OR,WALLOWA
OR,WASCO
OR,WASHINGTON
OR,WHEELER
OR,YAMHILL
PA,ADAMS
PA,ALLEGHENY
PA,ARMSTRONG
PA,BEAVER
PA,BEDFORD
PA,BERKS
PA,BLAIR
PA,BRADFORD
PA,BUCKS
PA,BUTLER
PA,CAMBRIA
PA,CAMERON
PA,CARBON
PA,CENTRE
PA,CHESTER
PA,CLARION
PA,CLEARFIELD
PA,CLINTON
PA,COLUMBIA
PA,CRAWFORD
PA,CUMBERLAND
PA,DAUPHIN
PA,DELAWARE
PA,ELK
PA,ERIE
PA,FAYETTE
PA,FOREST
PA,FRANKLIN
PA,FULTON
PA,GREENE
PA,HUNTINGDON
PA,INDIANA
PA,JEFFERSON
PA,JUNIATA
PA,LACKAWANNA
PA,LANCASTER
PA,LAWRENCE
PA,LEBANON
PA,LEHIGH
PA,LUZERNE
PA,LYCOMING
PA,MCKEAN
PA,MERCER
PA,MIFFLIN
PA,MONROE
PA,MONTGOMERY
PA,MONTOUR
PA,NORTHAMPTON
PA,NORTHUMBERLAND
PA,PERRY
PA,PHILADELPHIA
PA,PIKE
PA,POTTER
PA,SCHUYLKILL
PA,SNYDER
PA,SOMERSET
PA,SULLIVAN
PA,SUSQUEHANNA
PA,TIOGA
PA,UNION
PA,VENANGO
PA,WARREN
PA,WASHINGTON
PA,WAYNE
PA,WESTMORELAND
PA,WYOMING
PA,YORK
RI,BRISTOL
RI,KENT
RI,NEWPORT
RI,PROVIDENCE
RI,WASHINGTON
SC,ABBEVILLE
SC,AIKEN
SC,ALLENDALE
SC,ANDERSON
SC,BAMBERG
SC,BARNWELL
SC,BEAUFORT
SC,BERKELEY
SC,CALHOUN
SC,CHARLESTON
SC,CHEROKEE
SC,CHESTER
SC,CHESTERFIELD
SC,CLARENDON
SC,COLLETON
SC,DARLINGTON
SC,DILLON
SC,DORCHESTER
SC,EDGEFIELD
SC,FAIRFIELD
SC,FLORENCE
SC,GEORGETOWN
SC,GREENVILLE
SC,GREENWOOD
SC,HAMPTON
SC,HORRY
SC,JASPER
SC,KERSHAW
SC,LANCASTER
SC,LAURENS
SC,LEE
SC,LEXINGTON
SC,MARION
SC,MARLBORO
SC,MCCORMICK
SC,NEWBERRY
SC,OCONEE
SC,ORANGEBURG
SC,PICKENS
SC,RICHLAND
SC,SALUDA
SC,SPARTANBURG
SC,SUMTER
SC,UNION
SC,WILLIAMSBURG
SC,YORK
SD,AURORA
SD,BEADLE
SD,BENNETT
SD,BON HOMME
SD,BROOKINGS
SD,BROWN
SD,BRULE
SD,BUFFALO
SD,BUTTE
SD,CAMPBELL
SD,CHARLES MIX
SD,CLARK
SD,CLAY
SD,CODINGTON
SD,CORSON
SD,CUSTER
SD,DAVISON
SD,DAY
SD,DEUEL
SD,DEWEY
SD,DOUGLAS
SD,EDMUNDS
SD,FALL RIVER
SD,FAULK
SD,GRANT
SD,GREGORY
SD,HAAKON
SD,HAMLIN
SD,HAND
SD,HANSON
SD,HARDING
SD,HUGHES
SD,HUTCHINSON
SD,HYDE
SD,JACKSON
SD,JERAULD
SD,JONES
SD,KINGSBURY
SD,LAKE
SD,LAWRENCE
SD,LINCOLN
SD,LYMAN
SD,MARSHALL
SD,MCCOOK
SD,MCPHERSON
SD,MEADE
SD,MELLETTE
SD,MINER
SD,MINNEHAHA
SD,MOODY
SD,PENNINGTON
SD,PERKINS
SD,POTTER
SD,ROBERTS
SD,SANBORN
SD,SHANNON
SD,SPINK
SD,STANLEY
SD,SULLY
SD,TODD
SD,TRIPP
SD,TURNER
SD,UNION
SD,WALWORTH
SD,YANKTON
SD,ZIEBACH
TN,ANDERSON
TN,BEDFORD
TN,BENTON
TN,BLEDSOE
TN,BLOUNT
TN,BRADLEY
TN,CAMPBELL
TN,CANNON
TN,CARROLL
TN,CARTER
TN,CHEATHAM
TN,CHESTER
TN,CLAIBORNE
TN,CLAY
TN,COCKE
TN,COFFEE
TN,CROCKETT
TN,CUMBERLAND
TN,DAVIDSON
TN,DECATUR
TN,DEKALB
TN,DICKSON
TN,DYER
TN,FAYETTE
TN,FENTRESS
TN,FRANKLIN
TN,GIBSON
TN,GILES
TN,GRAINGER
TN,GREENE
TN,GRUNDY
TN,HAMBLEN
TN,HAMILTON
TN,HANCOCK
TN,HARDEMAN
TN,HARDIN
TN,HAWKINS
TN,HAYWOOD
TN,HENDERSON
TN,HENRY
TN,HICKMAN
TN,HOUSTON
TN,HUMPHREYS
TN,JACKSON
TN,JEFFERSON
TN,JOHNSON
TN,KNOX
TN,LAKE
TN,LAUDERDALE
TN,LAWRENCE
TN,LEWIS
TN,LINCOLN
TN,LOUDON
TN,MACON
TN,MADISON
TN,MARION
TN,MARSHALL
TN,MAURY
TN,MCMINN
TN,MCNAIRY
TN,MEIGS
TN,MONROE
TN,MONTGOMERY
TN,MOORE
TN,MORGAN
TN,OBION
TN,OVERTON
TN,PERRY
TN,PICKETT
TN,POLK
TN,PUTNAM
TN,RHEA
TN,ROANE
TN,ROBERTSON
TN,RUTHERFORD
TN,SCOTT
TN,SEQUATCHIE
TN,SEVIER
TN,SHELBY
TN,SMITH
TN,STEWART
TN,SULLIVAN
TN,SUMNER
TN,TIPTON
TN,TROUSDALE
TN,UNICOI
TN,UNION
TN,VAN BUREN
TN,WARREN
TN,WASHINGTON
TN,WAYNE
TN,WEAKLEY
TN,WHITE
TN,WILLIAMSON
TN,WILSON
TX,ANDERSON
TX,ANDREWS
TX,ANGELINA
TX,ARANSAS
TX,ARCHER
TX,ARMSTRONG
TX,ATASCOSA
TX,AUSTIN
TX,BAILEY
TX,BANDERA
TX,BASTROP
TX,BAYLOR
TX,BEE
TX,BELL
TX,BEXAR
TX,BLANCO
TX,BORDEN
TX,BOSQUE
TX,BOWIE
TX,BRAZORIA
TX,BRAZOS
TX,BREWSTER
TX,BRISCOE
TX,BROOKS
TX,BROWN
TX,BURLESON
TX,BURNET
TX,CALDWELL
TX,CALHOUN
TX,CALLAHAN
TX,CAMERON
TX,CAMP
TX,CARSON
TX,CASS
TX,CASTRO
TX,CHAMBERS
TX,CHEROKEE
TX,CHILDRESS
TX,CLAY
TX,COCHRAN
TX,COKE
TX,COLEMAN
TX,COLLIN
TX,COLLINGSWORTH
TX,COLORADO
TX,COMAL
TX,COMANCHE
TX,CONCHO
TX,COOKE
TX,CORYELL
TX,COTTLE
TX,CRANE
TX,CROCKETT
TX,CROSBY
TX,CULBERSON
TX,DALLAM
TX,DALLAS
TX,DAWSON
TX,DEAF SMITH
TX,DELTA
TX,DENTON
TX,DEWITT
TX,DICKENS
TX,DIMMIT
TX,DONLEY
TX,DUVAL
TX,EASTLAND
TX,ECTOR
TX,EDWARDS
TX,EL PASO
TX,ELLIS
TX,ERATH
TX,FALLS
TX,FANNIN
TX,FAYETTE
TX,FISHER
TX,FLOYD
TX,FOARD
TX,FORT BEND
TX,FRANKLIN
TX,FREESTONE
TX,FRIO
TX,GAINES
TX,GALVESTON
TX,GARZA
TX,GILLESPIE
TX,GLASSCOCK
TX,GOLIAD
TX,GONZALES
TX,GRAY
TX,GRAYSON
TX,GREGG
TX,GRIMES
TX,GUADALUPE
TX,HALE
TX,HALL
TX,HAMILTON
TX,HANSFORD
TX,HARDEMAN
TX,HARDIN
TX,HARRIS
TX,HARRISON
TX,HARTLEY
TX,HASKELL
TX,HAYS
TX,HEMPHILL
TX,HENDERSON
TX,HIDALGO
TX,HILL
TX,HOCKLEY
TX,HOOD
TX,HOPKINS
TX,HOUSTON
TX,HOWARD
TX,HUDSPETH
TX,HUNT
TX,HUTCHINSON
TX,IRION
TX,JACK
TX,JACKSON
TX,JASPER
TX,JEFF DAVIS
TX,JEFFERSON
TX,JIM HOGG
TX,JIM WELLS
TX,JOHNSON
TX,JONES
TX,KARNES
TX,KAUFMAN
TX,KENDALL
TX,KENEDY
TX,KENT
TX,KERR
TX,KIMBLE
TX,KING
TX,KINNEY
TX,KLEBERG
TX,KNOX
TX,LA SALLE
TX,LAMAR
TX,LAMB
TX,LAMPASAS
TX,LAVACA
TX,LEE
TX,LEON
TX,LIBERTY
TX,LIMESTONE
TX,LIPSCOMB
TX,LIVE OAK
TX,LLANO
TX,LOVING
TX,LUBBOCK
TX,LYNN
TX,MADISON
TX,MARION
TX,MARTIN
TX,MASON
TX,MATAGORDA
TX,MAVERICK
TX,MCCULLOCH
TX,MCLENNAN
TX,MCMULLEN
TX,MEDINA
TX,MENARD
TX,MIDLAND
TX,MILAM
TX,MILLS
TX,MITCHELL
TX,MONTAGUE
TX,MONTGOMERY
TX,MOORE
TX,MORRIS
TX,MOTLEY
TX,NACOGDOCHES
TX,NAVARRO
TX,NEWTON
TX,NOLAN
TX,NUECES
TX,OCHILTREE
TX,OLDHAM
TX,ORANGE
TX,PALO PINTO
TX,PANOLA
TX,PARKER
TX,PARMER
TX,PECOS
TX,POLK
TX,POTTER
TX,PRESIDIO
TX,RAINS
TX,RANDALL
TX,REAGAN
TX,REAL
TX,RED RIVER
TX,REEVES
TX,REFUGIO
TX,ROBERTS
TX,ROBERTSON
TX,ROCKWALL
TX,RUNNELS
TX,RUSK
TX,SABINE
TX,SAN AUGUSTINE
TX,SAN JACINTO
TX,SAN PATRICIO
TX,SAN SABA
TX,SCHLEICHER
TX,SCURRY
TX,SHACKELFORD
TX,SHELBY
TX,SHERMAN
TX,SMITH
TX,SOMERVELL
TX,STARR
TX,STEPHENS
TX,STERLING
TX,STONEWALL
TX,SUTTON
TX,SWISHER
TX,TARRANT
TX,TAYLOR
TX,TERRELL
TX,TERRY
TX,THROCKMORTON
TX,TITUS
TX,TOM GREEN
TX,TRAVIS
TX,TRINITY
TX,TYLER
TX,UPSHUR
TX,UPTON
TX,UVALDE
TX,VAL VERDE
TX,VAN ZANDT
TX,VICTORIA
TX,WALKER
TX,WALLER
TX,WARD
TX,WASHINGTON
TX,WEBB
TX,WHARTON
TX,WHEELER
TX,WICHITA
TX,WILBARGER
TX,WILLACY
TX,WILLIAMSON
TX,WILSON
TX,WINKLER
TX,WISE
TX,WOOD
TX,YOAKUM
TX,YOUNG
TX,ZAPATA
TX,ZAVALA
UT,BEAVER
UT,BOX ELDER
UT,CACHE
UT,CARBON
UT,DAGGETT
UT,DAVIS
UT,DUCHESNE
UT,EMERY
UT,GARFIELD
UT,GRAND
UT,IRON
UT,JUAB
UT,KANE
UT,MILLARD
UT,MORGAN
UT,PIUTE
UT,RICH
UT,SALT LAKE
UT,SAN JUAN
UT,SANPETE
UT,SEVIER
UT,SUMMIT
UT,TOOELE
UT,UINTAH
UT,UTAH
UT,WASATCH
UT,WASHINGTON
UT,WAYNE
UT,WEBER
VA,ACCOMACK
VA,ALBEMARLE
VA,ALEXANDRIA (CITY)
VA,ALLEGHANY
VA,AMELIA
VA,AMHERST
VA,APPOMATTOX
VA,ARLINGTON
VA,AUGUSTA
VA,BATH
VA,BEDFORD
VA,BEDFORD (CITY)
VA,BLAND
VA,BOTETOURT
VA,BRISTOL (CITY)
VA,BRUNSWICK
VA,BUCHANAN
VA,BUCKINGHAM
VA,BUENA VISTA (CITY)
VA,CAMPBELL
VA,CAROLINE
VA,CARROLL
VA,CHARLES CITY
VA,CHARLOTTE
VA,CHARLOTTESVILLE (CITY)
VA,CHESAPEAKE (CITY)
VA,CHESTERFIELD
VA,CLARKE
VA,COLONIAL HEIGHTS (CITY)
VA,COVINGTON (CITY)
VA,CRAIG
VA,CULPEPER
VA,CUMBERLAND
VA,DANVILLE (CITY)
VA,DICKENSON
VA,DINWIDDIE
VA,EMPORIA (CITY)
VA,ESSEX
VA,FAIRFAX
VA,FAIRFAX (CITY)
VA,FALLS CHURCH (CITY)
VA,FAUQUIER
VA,FLOYD
VA,FLUVANNA
VA,FRANKLIN
VA,FRANKLIN (CITY)
VA,FREDERICK
VA,FREDERICKSBURG (CITY)
VA,GALAX (CITY)
VA,GILES
VA,GLOUCESTER
VA,GOOCHLAND
VA,GRAYSON
VA,GREENE
VA,GREENSVILLE
VA,HALIFAX
VA,HAMPTON (CITY)
VA,HANOVER
VA,HARRISONBURG (CITY)
VA,HENRICO
VA,HENRY
VA,HIGHLAND
VA,HOPEWELL (CITY)
VA,ISLE OF WIGHT
VA,JAMES CITY
VA,KING AND QUEEN
VA,KING GEORGE
VA,KING WILLIAM
VA,LANCASTER
VA,LEE
VA,LEXINGTON (CITY)
VA,LOUDOUN
VA,LOUISA
VA,LUNENBURG
VA,LYNCHBURG (CITY)
VA,MADISON
VA,MANASSAS (CITY)
VA,MANASSAS PARK (CITY)
VA,MARTINSVILLE (CITY)
VA,MATHEWS
VA,MECKLENBURG
VA,MIDDLESEX
VA,MONTGOMERY
VA,NELSON
VA,NEW KENT
VA,NEWPORT NEWS (CITY)
VA,NORFOLK (CITY)
VA,NORTHAMPTON
VA,NORTHUMBERLAND
VA,NORTON (CITY)
VA,NOTTOWAY
VA,ORANGE
VA,PAGE
VA,PATRICK
VA,PETERSBURG (CITY)
VA,PITTSYLVANIA
VA,POQUOSON (CITY)
VA,PORTSMOUTH (CITY)
VA,POWHATAN
VA,PRINCE EDWARD
VA,PRINCE GEORGE
VA,PRINCE WILLIAM
VA,PULASKI
VA,RADFORD (CITY)
VA,RAPPAHANNOCK
VA,RICHMOND
VA,RICHMOND (CITY)
VA,ROANOKE
VA,ROANOKE (CITY)
VA,ROCKBRIDGE
VA,ROCKINGHAM
VA,RUSSELL
VA,SALEM (CITY)
VA,SCOTT
VA,SHENANDOAH
VA,SMYTH
VA,SOUTHAMPTON
VA,SPOTSYLVANIA
VA,STAFFORD
VA,STAUNTON (CITY)
VA,SUFFOLK (CITY)
VA,SURRY
VA,SUSSEX
VA,TAZEWELL
VA,VIRGINIA BEACH (CITY)
VA,WARREN
VA,WASHINGTON
VA,WAYNESBORO (CITY)
VA,WESTMORELAND
VA,WILLIAMSBURG (CITY)
VA,WINCHESTER (CITY)
VA,WISE
VA,WYTHE
VA,YORK
VT,ADDISON
VT,BENNINGTON
VT,CALEDONIA
VT,CHITTENDEN
VT,ESSEX
VT,FRANKLIN
VT,GRAND ISLE
VT,LAMOILLE
VT,ORANGE
VT,ORLEANS
VT,RUTLAND
VT,WASHINGTON
VT,WINDHAM
VT,WINDSOR
WA,ADAMS
WA,ASOTIN
WA,BENTON
WA,CHELAN
WA,CLALLAM
WA,CLARK
WA,COLUMBIA
WA,COWLITZ
WA,DOUGLAS
WA,FERRY
WA,FRANKLIN
WA,GARFIELD
WA,GRANT
WA,GRAYS HARBOR
WA,ISLAND
WA,JEFFERSON
WA,KING
WA,KITSAP
WA,KITTITAS
WA,KLICKITAT
WA,LEWIS
WA,LINCOLN
WA,MASON
WA,OKANOGAN
WA,PACIFIC
WA,PEND OREILLE
WA,PIERCE
WA,SAN JUAN
WA,SKAGIT
WA,SKAMANIA
WA,SNOHOMISH
WA,SPOKANE
WA,STEVENS
WA,THURSTON
WA,WAHKIAKUM
WA,WALLA WALLA
WA,WHATCOM
WA,WHITMAN
WA,YAKIMA
WI,ADAMS
WI,ASHLAND
WI,BARRON
WI,BAYFIELD
WI,BROWN
WI,BUFFALO
WI,BURNETT
WI,CALUMET
WI,CHIPPEWA
WI,CLARK
WI,COLUMBIA
WI,CRAWFORD
WI,DANE
WI,DODGE
WI,DOOR
WI,DOUGLAS
WI,DUNN
WI,EAU CLAIRE
WI,FLORENCE
WI,FOND DU LAC
WI,FOREST
WI,GRANT
WI,GREEN
WI,GREEN LAKE
WI,IOWA
WI,IRON
WI,JACKSON
WI,JEFFERSON
WI,JUNEAU
WI,KENOSHA
WI,KEWAUNEE
WI,LA CROSSE
WI,LAFAYETTE
WI,LANGLADE
WI,LINCOLN
WI,MANITOWOC
WI,MARATHON
WI,MARINETTE
WI,MARQUETTE
WI,MENOMINEE
WI,MILWAUKEE
WI,MONROE
WI,OCONTO
WI,ONEIDA
WI,OUTAGAMIE
WI,OZAUKEE
WI,PEPIN
WI,PIERCE
WI,POLK
WI,PORTAGE
WI,PRICE
WI,RACINE
WI,RICHLAND
WI,ROCK
WI,RUSK
WI,SAUK
WI,SAWYER
WI,SHAWANO
WI,SHEBOYGAN
WI,ST. CROIX
WI,TAYLOR
WI,TREMPEALEAU
WI,VERNON
WI,VILAS
WI,WALWORTH
WI,WASHBURN
WI,WASHINGTON
WI,WAUKESHA
WI,WAUPACA
WI,WAUSHARA
WI,WINNEBAGO
WI,WOOD
WV,BARBOUR
WV,BERKELEY
WV,BOONE
WV,BRAXTON
WV,BROOKE
WV,CABELL
WV,CALHOUN
WV,CLAY
WV,DODDRIDGE
WV,FAYETTE
WV,GILMER
WV,GRANT
WV,GREENBRIER
WV,HAMPSHIRE
WV,HANCOCK
WV,HARDY
WV,HARRISON
WV,JACKSON
WV,JEFFERSON
WV,KANAWHA
WV,LEWIS
WV,LINCOLN
WV,LOGAN
WV,MARION
WV,MARSHALL
WV,MASON
WV,MCDOWELL
WV,MERCER
WV,MINERAL
WV,MINGO
WV,MONONGALIA
WV,MONROE
WV,MORGAN
WV,NICHOLAS
WV,OHIO
WV,PENDLETON
WV,PLEASANTS
WV,POCAHONTAS
WV,PRESTON
WV,PUTNAM
WV,RALEIGH
WV,RANDOLPH
WV,RITCHIE
WV,ROANE
WV,SUMMERS
WV,TAYLOR
WV,TUCKER
WV,TYLER
WV,UPSHUR
WV,WAYNE
WV,WEBSTER
WV,WETZEL
WV,WIRT
WV,WOOD
WV,WYOMING
WY,ALBANY
WY,BIG HORN
WY,CAMPBELL
WY,CARBON
WY,CONVERSE
WY,CROOK
WY,FREMONT
WY,GOSHEN
WY,HOT SPRINGS
WY,JOHNSON
WY,LARAMIE
WY,LINCOLN
WY,NATRONA
WY,NIOBRARA
WY,PARK
WY,PLATTE
WY,SHERIDAN
WY,SUBLETTE
WY,SWEETWATER
WY,TETON
WY,UINTA
WY,WASHAKIE
WY,WESTON
